delivery_partner,is_delayed
amazon logistics,0.27222427148653633
blue dart,0.2694781987133667
delhivery,0.24802584350323043
dhl,0.2633832976445396
ecom express,0.26634827332843497
ekart,0.27418779007497324
fedex,0.25159687721788504
shadowfax,0.2730263157894737
xpressbees,0.2827317763623496
