region,delay_hours
central,1.220729743083004
east,1.1242905062004473
north,1.160519801980198
south,1.148231364275668
west,1.191959273797841
