weather_condition,delay_hours
clear,0.820494665373424
cold,0.7225883838383839
foggy,1.332578810144584
hot,0.7727384987893462
rainy,1.601442699592424
stormy,1.7525131014768938
